USN,Grade,,
,,,
1RV21CS149,B+,,
1RV21CS185,AB,,
1RV22CS001,A+,,
1RV22CS002,B+,,
1RV22CS003,A+,,
1RV22CS004,A,,
1RV22CS005,A,,
1RV22CS006,P,,
1RV22CS007,P,,
1RV22CS008,P,,
1RV22CS009,A+,,
1RV22CS010,B,,
1RV22CS011,A,,
1RV22CS012,A+,,
1RV22CS013,B+,,
1RV22CS014,A+,,
1RV22CS015,P,,
1RV22CS016,B+,,
1RV22CS017,A+,,
1RV22CS018,B+,,
1RV22CS019,A,,
1RV22CS020,A+,,
1RV22CS021,B+,,
1RV22CS022,A+,,
1RV22CS023,A,,
1RV22CS024,A+,,
1RV22CS025,B,,
1RV22CS026,B+,,
1RV22CS027,A+,,
1RV22CS029,A+,,
1RV22CS030,B+,,
1RV22CS031,A+,,
1RV22CS032,F,,
1RV22CS033,A,,
1RV22CS034,A+,,
1RV22CS035,A+,,
1RV22CS036,A,,
1RV22CS037,F,,
1RV22CS038,B+,,
1RV22CS039,A+,,
1RV22CS040,A,,
1RV22CS041,B+,,
1RV22CS042,A,,
1RV22CS043,A+,,
1RV22CS044,A+,,
1RV22CS045,B+,,
1RV22CS046,C,,
1RV22CS047,A+,,
1RV22CS048,A,,
1RV22CS049,P,,
1RV22CS050,A+,,
1RV22CS051,A,,
1RV22CS052,B+,,
1RV22CS053,A,,
1RV22CS054,A,,
1RV22CS055,B+,,
1RV22CS057,A+,,
1RV22CS058,A+,,
1RV22CS059,F,,
1RV22CS242,A+,,
1RV23CS400,A,,
1RV23CS401,F,,
1RV23CS402,P,,
1RV23CS403,I,,
1RV23CS404,P,,
1RV23CS405,B,,
1RV22CS245,B+,,
1RV22CS060,A,,
1RV22CS061,B,,
1RV22CS062,A+,,
1RV22CS063,A+,,
1RV22CS064,F,,
1RV22CS065,B+,,
1RV22CS066,A+,,
1RV22CS067,A,,
1RV22CS068,A+,,
1RV22CS069,B+,,
1RV22CS070,A+,,
1RV22CS071,A,,
1RV22CS072,C,,
1RV22CS073,B+,,
1RV22CS074,B+,,
1RV22CS075,B+,,
1RV22CS076,A+,,
1RV22CS077,A+,,
1RV22CS078,A+,,
1RV22CS079,B,,
1RV22CS080,A+,,
1RV22CS081,A+,,
1RV22CS082,C,,
1RV22CS083,P,,
1RV22CS084,C,,
1RV22CS085,B,,
1RV22CS086,A+,,
1RV22CS087,A+,,
1RV22CS088,B+,,
1RV22CS089,A,,
1RV22CS090,P,,
1RV22CS091,A,,
1RV22CS092,A,,
1RV22CS093,A+,,
1RV22CS094,A+,,
1RV22CS095,C,,
1RV22CS096,C,,
1RV22CS097,A+,,
1RV22CS098,A,,
1RV22CS099,O,,
1RV22CS100,B+,,
1RV22CS101,B+,,
1RV22CS102,B+,,
1RV22CS103,B+,,
1RV22CS104,B,,
1RV22CS105,B,,
1RV22CS106,A,,
1RV22CS107,A,,
1RV22CS108,C,,
1RV22CS109,B+,,
1RV22CS110,C,,
1RV22CS111,A+,,
1RV22CS112,A+,,
1RV22CS113,P,,
1RV22CS114,A,,
1RV22CS115,A,,
1RV22CS116,B+,,
1RV22CS117,B,,
1RV22CS118,A,,
1RV22CS119,A,,
1RV22CS240,A+,,
1RV23CS406,A,,
1RV23CS407,B,,
1RV23CS408,B+,,
1RV23CS409,A,,
1RV23CS410,B+,,
1RV23CS411,B,,
1RV22CS120,A,,
1RV22CS121,B,,
1RV22CS122,F,,
1RV22CS123,P,,
1RV22CS124,A,,
1RV22CS125,A,,
1RV22CS126,A,,
1RV22CS127,A+,,
1RV22CS128,B+,,
1RV22CS129,B,,
1RV22CS130,A,,
1RV22CS131,A,,
1RV22CS132,B+,,
1RV22CS133,A+,,
1RV22CS134,F,,
1RV22CS135,A,,
1RV22CS136,B+,,
1RV22CS137,A,,
1RV22CS138,O,,
1RV22CS139,A+,,
1RV22CS140,A,,
1RV22CS141,A,,
1RV22CS142,A,,
1RV22CS143,A+,,
1RV22CS145,B+,,
1RV22CS146,B+,,
1RV22CS147,A+,,
1RV22CS148,C,,
1RV22CS149,A,,
1RV22CS150,NSSR,,
1RV22CS151,P,,
1RV22CS152,NSSR,,
1RV22CS153,B+,,
1RV22CS154,A+,,
1RV22CS155,B+,,
1RV22CS156,NSSR,,
1RV22CS157,A+,,
1RV22CS158,A+,,
1RV22CS159,A,,
1RV22CS160,A+,,
1RV22CS161,NSSR,,
1RV22CS162,A+,,
1RV22CS163,A+,,
1RV22CS164,A+,,
1RV22CS165,A+,,
1RV22CS166,A+,,
1RV22CS167,B+,,
1RV22CS168,F,,
1RV22CS169,B,,
1RV22CS170,C,,
1RV22CS171,A,,
1RV22CS172,A,,
1RV22CS173,A+,,
1RV22CS174,A,,
1RV22CS175,A+,,
1RV22CS176,A+,,
1RV22CS177,B,,
1RV22CS178,A+,,
1RV22CS179,B+,,
1RV22CS180,NSSR,,
1RV22CS241,O,,
1RV23CS412,C,,
1RV23CS413,A,,
1RV23CS414,B,,
1RV23CS415,B+,,
1RV23CS416,B,,
1RV23CS417,B,,
1RV22CS181,A+,,
1RV22CS183,A+,,
1RV22CS184,B+,,
1RV22CS185,B,,
1RV22CS186,A,,
1RV22CS187,P,,
1RV22CS188,A,,
1RV22CS189,A,,
1RV22CS190,P,,
1RV22CS191,A,,
1RV22CS192,A+,,
1RV22CS193,B+,,
1RV22CS194,C,,
1RV22CS195,A+,,
1RV22CS196,F,,
1RV22CS197,B+,,
1RV22CS198,A,,
1RV22CS199,A,,
1RV22CS200,A+,,
1RV22CS201,B+,,
1RV22CS202,A+,,
1RV22CS203,A+,,
1RV22CS204,O,,
1RV22CS205,P,,
1RV22CS206,P,,
1RV22CS207,O,,
1RV22CS208,A+,,
1RV22CS209,A+,,
1RV22CS210,A,,
1RV22CS211,A+,,
1RV22CS212,B+,,
1RV22CS213,F,,
1RV22CS214,P,,
1RV22CS215,P,,
1RV22CS216,A,,
1RV22CS217,A,,
1RV22CS218,A+,,
1RV22CS219,A,,
1RV22CS220,C,,
1RV22CS221,A+,,
1RV22CS222,C,,
1RV22CS223,A,,
1RV22CS224,A+,,
1RV22CS225,A+,,
1RV22CS226,A,,
1RV22CS227,O,,
1RV22CS228,A+,,
1RV22CS229,A,,
1RV22CS230,A+,,
1RV22CS231,F,,
1RV22CS232,A+,,
1RV22CS233,B+,,
1RV22CS234,B+,,
1RV22CS235,A+,,
1RV22CS236,O,,
1RV22CS237,B+,,
1RV22CS238,B+,,
1RV22CS239,F,,
1RV22CS243,A,,
1RV22CS244,B,,
1RV23CS418,F,,
1RV23CS419,B+,,
1RV23CS420,P,,
1RV23CS421,F,,
,,,
,,,
,,,
,,,
,,,
,,,
,,,
,,,
,,,
,,,
,,,
,,,
,,,
,,,
,,,
,,,
,,,
,,,
,,,
,,,
,,,
,,,
,,,
,,,
,,,
,,,
,,,
,,,
,,,
,,,
,,,
,,,
,,,
,,,
,,,
,,,
,,,
,,,
,,,
,,,
,,,
,,,
,,,
,,,
,,,
,,,
,,,
,,,
,,,
,,,
,,,
,,,
,,,
,,,
,,,
,,,
,,,
,,,
,,,
,,,
,,,
,,,
,,,
,,,
,,,
,,,
,,,
,,,
,,,
,,,
,,,
,,,
,,,
,,,
,,,
,,,
,,,
,,,
,,,
,,,
,,,
,,,
,,,
,,,
,,,
,,,
,,,
,,,
,,,
,,,
,,,
,,,
,,,
,,,
,,,
,,,
,,,
,,,
,,,
,,,
,,,
,,,
,,,
,,,
,,,
,,,
,,,
,,,
,,,
,,,
,,,
,,,
,,,
,,,
,,,
,,,
,,,
,,,
,,,
,,,
,,,
,,,
,,,
,,,
,,,
,,,
,,,
,,,
,,,
,,,
,,,
,,,
,,,
,,,
,,,
,,,
,,,
,,,
,,,
,,,
,,,
,,,
,,,
,,,
,,,
,,,
,,,
,,,
,,,
,,,
,,,
,,,
,,,
,,,
,,,
,,,
,,,
,,,
,,,
,,,
,,,
,,,
,,,
,,,
,,,
,,,
,,,
,,,
,,,
,,,
,,,
,,,
,,,
,,,
,,,
,,,
,,,
,,,
,,,
,,,
,,,
,,,
,,,
,,,
,,,
,,,
,,,
,,,
,,,
,,,
,,,
,,,
,,,
,,,
,,,
,,,
,,,
,,,
,,,
,,,
,,,
,,,
,,,
,,,
,,,
,,,
,,,
,,,
,,,
,,,
,,,
,,,
,,,
,,,
,,,
,,,
,,,
,,,
,,,
,,,
,,,
,,,
,,,
,,,
,,,
,,,
,,,
,,,
,,,
,,,
,,,
,,,
,,,
,,,
,,,
,,,
,,,
,,,
,,,
,,,
,,,
,,,
,,,
,,,
,,,
,,,
,,,
,,,
,,,
,,,
,,,
,,,
,,,
,,,
,,,
,,,
,,,
,,,
,,,
,,,
,,,
,,,
,,,
,,,
,,,
,,,
,,,
,,,
,,,
,,,
,,,
,,,
,,,
,,,
,,,
,,,
,,,
,,,
,,,
,,,
,,,
,,,
,,,
,,,
,,,
,,,
,,,
,,,
,,,
,,,
,,,
,,,
,,,
,,,
,,,
,,,
,,,
,,,
,,,
,,,
,,,
,,,
,,,
,,,
,,,
,,,
,,,
,,,
,,,
,,,
,,,
,,,
,,,
,,,
,,,
,,,
,,,
,,,
,,,
,,,
,,,
,,,
,,,
,,,
,,,
,,,
,,,
,,,
,,,
,,,
,,,
,,,
,,,
,,,
,,,
,,,
,,,
,,,
,,,
,,,
,,,
,,,
,,,
,,,
,,,
,,,
,,,
,,,
,,,
,,,
,,,
,,,
,,,
,,,
,,,
,,,
,,,
,,,
,,,
,,,
,,,
,,,
,,,
,,,
,,,
,,,
,,,
,,,
,,,
,,,
,,,
,,,
,,,
,,,
,,,
,,,
,,,
,,,
,,,
,,,
,,,
,,,
,,,
,,,
,,,
,,,
,,,
,,,
,,,
,,,
,,,
,,,
,,,
,,,
,,,
,,,
,,,
,,,
,,,
,,,
,,,
,,,
,,,
,,,
,,,
,,,
,,,
,,,
,,,
,,,
,,,
,,,
,,,
,,,
,,,
,,,
,,,
,,,
,,,
,,,
,,,
,,,
,,,
,,,
,,,
,,,
,,,
,,,
,,,
,,,
,,,
,,,
,,,
,,,
,,,
,,,
,,,
,,,
,,,
,,,
,,,
,,,
,,,
,,,
,,,
,,,
,,,
,,,
,,,
,,,
,,,
,,,
,,,
,,,
,,,
,,,
,,,
,,,
,,,
,,,
,,,
,,,
,,,
,,,
,,,
,,,
,,,
,,,
,,,
,,,
,,,
,,,
,,,
,,,
,,,
,,,
,,,
,,,
,,,
,,,
,,,
,,,
,,,
,,,
,,,
,,,
,,,
,,,
,,,
,,,
,,,
,,,
,,,
,,,
,,,
,,,
,,,
,,,
,,,
,,,
,,,
,,,
,,,
,,,
,,,
,,,
,,,
,,,
,,,
,,,
,,,
,,,
,,,
,,,
,,,
,,,
,,,
,,,
,,,
,,,
,,,
,,,
,,,
,,,
,,,
,,,
,,,
,,,
,,,
,,,
,,,
,,,
,,,
,,,
,,,
,,,
,,,
,,,
,,,
,,,
,,,
,,,
,,,
,,,
,,,
,,,
,,,
,,,
,,,
,,,
,,,
,,,
,,,
,,,
,,,
,,,
,,,
,,,
,,,
,,,
,,,
,,,
,,,
,,,
,,,
,,,
,,,
,,,
,,,
,,,
,,,
,,,
,,,
,,,
,,,
,,,
,,,
,,,
,,,
,,,
,,,
,,,
,,,
,,,
,,,
,,,
,,,
,,,
,,,
,,,
,,,
,,,
,,,
,,,
,,,
,,,
,,,
,,,
,,,
,,,
,,,
,,,
,,,
,,,
,,,
,,,
,,,
,,,
,,,
,,,
,,,
,,,
,,,
,,,
,,,
,,,
,,,
,,,
,,,
,,,
,,,
,,,
,,,
,,,
,,,
,,,
,,,
,,,
,,,
,,,
,,,
,,,
,,,
,,,
,,,
,,,
,,,
,,,
,,,
,,,
,,,
,,,
,,,
,,,
,,,
,,,
,,,
,,,
,,,
,,,
,,,
,,,
,,,
,,,
,,,
,,,
,,,
,,,
,,,
,,,
,,,
,,,
,,,
,,,
,,,
,,,
,,,
,,,
,,,
,,,
,,,
,,,
,,,
,,,
,,,
,,,
,,,
,,,
,,,
,,,
,,,
,,,
,,,
,,,
,,,
,,,
,,,
,,,
,,,
,,,
,,,
,,,
,,,
,,,
,,,
,,,
,,,
,,,
,,,
,,,
,,,
,,,
,,,
,,,
,,,
,,,
,,,
,,,
,,,
,,,
,,,
,,,
,,,
,,,
,,,
,,,
,,,
,,,
,,,
,,,
,,,
,,,
,,,
,,,
,,,
,,,
,,,
,,,
,,,
,,,
,,,
,,,
